{"cameraMode":{"drawMode":0,"name":"Shaded","section":"Shading Mode"},"sceneLighting":true,"audioPlay":false,"sceneViewState":{"m_AlwaysRefresh":false,"showFog":true,"showSkybox":true,"showFlares":true,"showImageEffects":true,"showParticleSystems":true,"showVisualEffectGraphs":true,"m_FxEnabled":true},"in2DMode":false,"pivot":{"x":-1.5253206491470338,"y":-4.204599857330322,"z":10.094891548156739},"rotation":{"x":0.09105696529150009,"y":0.21108511090278626,"z":-0.019752634689211847,"w":0.973027765750885},"size":8.085163116455079,"orthographic":false}